Username,Email,Password,Rol,id
Stuart,ahucklesby1v@ucsd.edu,729594106,USER,1
Conchita,jgimson2@un.org,598891811,ADMIN,2
Dalenna,etexton2d@stanford.edu,321218662,ADMIN,3
Chloe,mjohanningv@pen.io,393922649,ADMIN,4
Marinna,dscanterburyx@topsy.com,382096688,ADMIN,5
Andre,idrains4u@google.com.hk,965475194,USER,6
Leena,aduckeru@scribd.com,542938722,USER,7
Lexy,emacgoun1x@japanpost.jp,510899543,USER,8
Charlotte,radamik2b@hubpages.com,943063374,USER,9
Fawne,danersen4f@tmall.com,105698038,USER,10
Gwen,ameadowcroft1u@wisc.edu,538959311,USER,11
Eugene,vhandrik5z@adobe.com,928435861,ADMIN,12
Nero,efishenden5c@npr.org,361680891,ADMIN,13
Warden,alenton3w@pinterest.com,37208524,ADMIN,14
Purcell,radamik2b@hubpages.com,714013086,USER,15
Kenyon,nmorlingb@canalblog.com,828133871,USER,16
Niccolo,cfoale16@oracle.com,794904191,ADMIN,17
Richardo,acarnoghan25@economist.com,77031261,ADMIN,18
Daniele,jpeter5j@gravatar.com,257363033,ADMIN,19
Ricki,ddevanny3h@senate.gov,210153151,USER,20